rank,platform,account,views,likes,comments,shares,engagement_rate,description,hashtags,duration_secs,url,viral_score
1,Instagram,iceicejojo_,499189,6612,187,0,1.36,"Ready for Smow, sick of the dust bowl 🥶 #farmlife #coldplunge #reels",#farmlife #coldplunge #reels,17,https://www.instagram.com/p/DCMTDuCpE-4/,4.64
2,TikTok,icebarrel,441700,6923,61,320,1.65,Do your hands & feet hurt in cold water? Its called Vasoconstriction 🧊🥶,,30,https://www.tiktok.com/@icebarrel/video/7178974316334255402,17.48
3,Instagram,reliant.fitness,234412,12849,241,0,5.58,"Out with the old. In with the new 🛀

Bring sanctuary to your home or business with @thecoldplungestore ❄️❄️❄️

Super stoked to properly announce teaming up with @thecoldplungestore and the arrival of ",#cold #coldplunge #icebath #howto #mindset #recovery #coldtherapy #grwm #fitness,65,https://www.instagram.com/p/C6CAiXvPo-3/,2.28
4,Instagram,reliant.fitness,144951,5357,55,0,3.73,"@thecoldplungestore is having a BIG BLACK FRIDAY sale over the next 3 days‼️

Hurry over to their page/website to view the discounts on available cold plunge units 🌊

I currently use the Embrace Limit",,38,https://www.instagram.com/p/DC2yvdnv6Fd/,1.41
5,Instagram,iceicejojo_,74978,5770,194,0,7.95,Facing a fear I didn’t see coming😭 #creepy #funny #coldplunge,#creepy #funny #coldplunge,25,https://www.instagram.com/p/DAN5eNVJDP2/,0.7
6,TikTok,tryicebath,74400,745,14,54,1.09,"Sumpah function mandi ice sejuk macam ni 😭

6 Kebaikan Mandi Ais 🥶
✅ Recovery Muscle Pain
✅ Kurangkan Stress & Anxiety
✅ Melancarkan Pengaliran Darah
✅ Kuatkan Mental
✅ Rasa Super Fresh
✅ Meningkatkan",,21,https://www.tiktok.com/@tryicebath/video/7330095142944165127,4.93
7,Instagram,iceicejojo_,71233,6561,219,0,9.52,Trying to feel normal is a struggle sometimes! #coldplunge #tips #icebath,#coldplunge #tips #icebath,12,https://www.instagram.com/p/C_p7HBYOtOx/,0.66
8,Instagram,iceicejojo_,71041,5655,163,0,8.19,Casual corn field cold plunge 🌽🥶 take the plunge anywhere with the Embrace Beginnings on Thecoldplungestore.com code: JojoSnow for a discount❤️,,18,https://www.instagram.com/p/DB6NZWXJk5U/,0.66
9,Instagram,iceicejojo_,70675,5876,184,0,8.57,Forgot my thrower 🤣 #farmlife #coldplunge #ivebath,#farmlife #coldplunge #ivebath,18,https://www.instagram.com/p/DBD_SpEJJmc/,0.66
10,Instagram,iceicejojo_,69309,4345,127,0,6.45,I’m gonna need to regulate after all that 😂 #coldplunge #funny #animals,#coldplunge #funny #animals,21,https://www.instagram.com/p/DCeUCkTp7Cx/,0.64
11,Instagram,morozkoforge,66578,781,33,0,1.22,"Epsom salts make ice baths better. Why? One of the reasons is that it breaks up the hard ice in the ice bath, giving it a slushy like texture. You can also  absorb the magnesium in epsom salts through",,85,https://www.instagram.com/p/DEqlZj2ydMS/,5.21
12,Instagram,jimmyqueen,56925,1856,41,0,3.33,"🏆OFFICIALLY ON THE TEAM🏆
🧊 @thecoldplungestore 🧊
I’ve used the same tub I got from Home Depot back in 2019 and am beyond stoked to have upgraded. Buying all the ice and trying to clean that old tub ju",#coldplunge #icebath #recovery #gamechanger #thecoldplungestore #healing #health #lifestyle,89,https://www.instagram.com/p/C_04wL8yQu-/,1.0
13,Instagram,iceicejojo_,49781,4767,208,0,9.99,Just a girl forever in ice baths🥶 @thecoldplungestore Thank you so much!❤️🙏 #cold #jojo #coldplunge #icebath #coldwater #reels,#cold #jojo #coldplunge #icebath #coldwater #reels,27,https://www.instagram.com/p/C2r7_n5rx3f/,0.46
14,TikTok,tryicebath,49500,479,16,64,1.13,"Korang masih pakai bekas air besar untuk mandi ais? Nak berendam tapi terus pakej sakit pinggang? 😂

Jangan risau sebab kita ada The IceTub ⚡ Semuanya jadi mudah & senang bawa kemana-mana 😀 

✅ Ringan",#izzrunners #icebath #theicetubmalaysia #recovery #icerecovery #fastrecovery #tryicebath #theicetub,65,https://www.tiktok.com/@tryicebath/video/7328364181286079762,3.28
15,TikTok,piolet91,48200,214,1,21,0.49,Las mejores tinas de hielo en Mexico,,9,https://www.tiktok.com/@piolet91/video/7485530949770300677,5.9
16,TikTok,tryicebath,44100,224,15,91,0.75,"Finally dah jumpa benda yang buat saya release stress 😪

6 Kebaikan Mandi Ais 🥶
✅ Recovery Muscle Pain
✅ Kurangkan Stress & Anxiety
✅ Melancarkan Pengaliran Darah
✅ Kuatkan Mental
✅ Rasa Super Fresh
✅",,22,https://www.tiktok.com/@tryicebath/video/7330094952279575816,2.92
17,Instagram,jrp.co,38747,3574,96,0,9.47,"Most people spend their lives chasing comfort.

I’ve learned that almost everything good in my life came from doing the opposite.

Starting a business.
Running marathons.
Having difficult conversation",,59,https://www.instagram.com/p/DZbSv3hsDHw/,1.0
18,Instagram,plunge,37853,417,50,0,1.23,"The internet said cold plunging isn’t for women. Brooklyn-based fitness and breathwork coach @laurenschrammfit said watch this: 50°F, 3 minutes, full control. When she’s not putting her clients throug",,36,https://www.instagram.com/p/DXPfrymgqoI/,5.0
19,TikTok,tryicebath,34000,409,4,62,1.4,"Trusted by the PROs ⚡ Recover like Harrif Saleh 🚴‍♂️

""Daily training and after the ice bath I feel refreshed and ready to train again tomorrow!""

#cycling #terengganucyclingteam #sprinter#recovery#co",#cycling #terengganucyclingteam #sprinter #recovery #coldplunge,40,https://www.tiktok.com/@tryicebath/video/7388682955054386439,2.25
20,Instagram,iceicejojo_,33165,2984,97,0,9.29,I don’t think he is impressed 😅 #coldplunge #reaction #funny,#coldplunge #reaction #funny,25,https://www.instagram.com/p/DD4ZQY5xjXt/,0.31
21,Instagram,reliant.fitness,31675,3008,35,0,9.61,"The plunge is back in action 🌊

Been missing this part of my routine BIG TIME over the last couple weeks but after some deep cleaning, fresh water and new filter… it’s primed for regular use again. 

",#coldplunge #iceicebaby #saturday #recovery #wellness #health #fitness #pov #mindset #embracethesuck,55,https://www.instagram.com/p/DBmuR-4y-wx/,0.31
22,TikTok,subceromx,30300,467,13,66,1.8,"Te dejo 3 razones por las que cambiar a un Ice Bath automático puede ser la mejor decisión para tu cuerpo, tu rutina y tu bolsillo. ❄️⚙️

Más fácil, más rápido y más inteligente.
Bienvenido al futuro ",#subcero #icebathmx #recuperacióninteligente #coldplunge #rendimiento #bienestar #fitnessrecovery #vidafría #recuperaciónreal #hielonomás,37,https://www.tiktok.com/@subceromx/video/7501096918093761810,9.15
23,Instagram,iceicejojo_,28085,3411,104,0,12.52,Always the most unexpected audience 🤷‍♀️ #cats #coldplunge #cold,#cats #coldplunge #cold,20,https://www.instagram.com/p/DEKYFkMOR0f/,0.26
24,Instagram,morozkoforge,26313,519,16,0,2.03,"It doesn't matter how famous, how fit, or how tough you are.

@joerogan hates it
@officiallymcconaughey hates it
@aaronrodgers12 hates it
@hubermanlab hates it
and @davidgoggins definitely hates the i",,83,https://www.instagram.com/p/DZqQv7jBVXJ/,2.06
25,TikTok,icebarrel,24800,323,3,18,1.39,How should you warm up after an ice bath? It’s easy to run to the hot tub or warm shower afterwards…but allowing yourself to shiver promotes metabolic health and burns additional calories. As your bod,#icebath #coldplunge #coldexposure #icebarrel #mentalhealthawareness #anxietyrelief #fyp #metabolism #metabolichealth #soebergprinciple,25,https://www.tiktok.com/@icebarrel/video/7216461812458409259,0.98
26,Instagram,rissfit_warrior,23603,1592,54,0,6.97,"In honor of Spring on its way and winter chill coming to an end 🥹 
I’ll have to start buying ice in the next couple weeks! Atleast until my upgraded tub complete with chiller from @thecoldplungestore ",#adtr #wakeup #coldplunge,31,https://www.instagram.com/p/C4qp2vxxhJQ/,1.1
27,TikTok,tryicebath,23000,104,0,29,0.58,"@yenchia_90g with the IceTub for quicker recovery! ⚡ Enjoy hassle-free ice bath at home, start improving your recovery today.

6 Kebaikan Mandi Ais 🥶
✅ Recovery Muscle Pain
✅ Reduce Stress & Anxiety
✅",# #icebath #coldplunge #powerman #ironman #recovery #coldwatertherapy,21,https://www.tiktok.com/@tryicebath/video/7389994997262732562,1.53
28,TikTok,icebarrel,22900,470,5,46,2.28,What time of day do you get in your ice barrel? 🤔 #icebarrel #hypertrophy #training #icebath ,#icebarrel #hypertrophy #training #icebath,36,https://www.tiktok.com/@icebarrel/video/7219761974219935022,0.91
29,TikTok,piolet91,22800,109,0,0,0.48,"Nada como iniciar el 2025 con un baño de hielo ❄️💙 recibiendo el año con energía, enfoque y un reset total. 🌊🔥 ¿Tú cómo has vivido esta primera parte del 2025? 👀💭

#BañoDeHielo #IceBath #Crioterapia #",#bañodehielo #icebath #crioterapia #recuperación #piolet #bienestar #nuevoaño #2025,7,https://www.tiktok.com/@piolet91/video/7476234146717633798,2.79
30,TikTok,piolet91,22700,108,1,6,0.51,Las mejores tinas de hielo en Mexico,,20,https://www.tiktok.com/@piolet91/video/7485727928710466822,2.78
31,Instagram,rissfit_warrior,19191,1164,27,0,6.21,"Do you mean… Why would I NOT be excited for winter?? ❄️🧊💦 
It’s a lifestyle 💙
I see the first snow sticking high up in the mountains here in Utah this morning 🤌🏽
Temps are dropping this week… so excit",#cold #coldplunge #ice #iceicebaby #winteriscoming #snow,12,https://www.instagram.com/p/DABw2SfSH9o/,0.9
32,Instagram,plunge,16638,649,25,0,4.05,"As a movement coach, jiu-jitsu black belt, and pro natural bodybuilder, @nsimainyang doesn’t slow down—he adapts. Nearly 20 years in, he’s built his own way to build muscle, move better, and stay pain",,56,https://www.instagram.com/p/DXhaM8Bgnzg/,2.2
33,TikTok,piolet91,15900,54,2,5,0.38,Las mejores tinas de hielo en Mexico,,6,https://www.tiktok.com/@piolet91/video/7486155138315341111,1.95
34,Instagram,morozkoforge,13715,169,77,0,1.79,"The best way to regrow hair without drugs is to fix your light environment for your scalp. 

Clinical data shows that red light therapy can increase the number and diameter of hair follicles, and new ",,88,https://www.instagram.com/p/DY0lYsohbR-/,1.07
35,TikTok,tryicebath,13100,148,1,56,1.56,"6 Kebaikan Mandi Ais 🥶
✅ Recovery Muscle Pain
✅ Kurangkan Stress & Anxiety
✅ Melancarkan Pengaliran Darah
✅ Kuatkan Mental
✅ Rasa Super Fresh
✅ Meningkatkan Imun Sistem

Dapatkan tab mandi ais mudah a",#icebathbenefits #kebaikanmandiais #focus #selfimprovementgoals #recovery #icebath #mandiais,25,https://www.tiktok.com/@tryicebath/video/7388688740278947090,0.87
36,Instagram,morozkoforge,11007,126,8,0,1.22,"The Morozko Tall Barrel is the deepest ice bath in the world. It is designed to simulate the experience of swimming in the frozen ocean. Bathers up to 6'-4"" can tread water.

WARNING: Tall Barrel is f",,23,https://www.instagram.com/p/DZYBcdNhEdu/,0.86
37,TikTok,tryicebath,10500,14,1,6,0.2,"Experience a natural high feeling like no other & get all the amazing health benefits, without the need for a chest freezer, or spending RM1000's on a custom ice bath.

Ultra-Durable: High-quality UV ",#icebath #icebathmalaysia #coldwatertherapy #coldplunge #wimhofmethod #anxiety #mood,0,https://www.tiktok.com/@tryicebath/video/7328315654791122184,0.7
38,TikTok,subceromx,10300,224,3,8,2.28,"¿Sabías que meterte al ice bath justo después del gym puede frenar tu crecimiento muscular? 😳💪
Muchos creen que se están recuperando, pero en realidad están perdiendo ganancias. Aquí te explico por qu",,27,https://www.tiktok.com/@subceromx/video/7501855987247156488,3.11
39,Instagram,delahaye_jt,9991,216,26,0,2.42,You all know that I take pride in my morning routine. It sets a tone for the rest of the day. Since adding cold therapy to the mix my days have been even better. I’m a single dad who prioritizes my he,,118,https://www.instagram.com/p/DYlAYzpBgkE/,1.0
40,TikTok,tryicebath,9815,74,3,5,0.84,"Replying to @⠀ How long to stay in the ice bath 🤔

There is no one size fits all 🥶 Try it now and feel the benefits ⚡️

#coldplunge #tryicebath #icebath #coldwatertherapy #howtoicebath #howtotiktok #r",# #coldplunge #tryicebath #icebath #coldwatertherapy #howtoicebath #howtotiktok #recovery,17,https://www.tiktok.com/@tryicebath/video/7389142618631867655,0.65
41,Instagram,morozkoforge,9283,58,2,0,0.65,"It is sometimes said that ""Cleanliness is next to Godliness,"" but we can't necessarily back that up.

Reply ""ozone"" for a link to our free article on water sanitation technology for ice baths.",,51,https://www.instagram.com/p/DZTRsYxhYCi/,0.73
42,TikTok,tryicebath,9249,59,5,8,0.78,"Replying to @Niezal Ismail Focus, believe and achieve brother 🥶

#focus #icebath #coldplunge ",# #focus #icebath #coldplunge,6,https://www.tiktok.com/@tryicebath/video/7389150752175951122,0.61
43,TikTok,piolet91,8612,66,3,15,0.98,"Si es ice bath, tiene que ser PIOLET.
#IceBath #BañoDeHielo #Crioterapia #Bienestar #Recuperación #conniedavalos ",#icebath #bañodehielo #crioterapia #bienestar #recuperación #conniedavalos,24,https://www.tiktok.com/@piolet91/video/7482809042147020087,1.05
44,Instagram,morozkoforge,7082,387,8,0,5.58,"A 2024 study from London reveals that female winter swimmers find their menopause and menstrual symptoms reduced after cold-water swims. 

5 key benefits identified include:
-Calmness and improved moo",,83,https://www.instagram.com/p/DCHzBWahFNY/,0.55
45,Instagram,mentefria.therapy,6950,288,20,0,4.43,"Ser parte de @hyroxmx y acompañar a tantos atletas en su proceso de recuperación post competencia fue, sin duda, una experiencia que nos marca.

Mente Fria es esto: una comunidad que se construye desd",#hyrox #hyroxmexico,25,https://www.instagram.com/p/DWO_dFkjtmh/,4.47
46,Instagram,dunngeon.etf,6503,396,12,0,6.27,"Cold Plunge is here ❄️

Zen Den at the Dunngeon is one step closer to being complete! 

Went with the OG by RenGen from @thecoldplungestore and im PUMPED

Super excited to have a commercial grade cold",,27,https://www.instagram.com/p/DCC-H7Fyjx8/,1.0
47,Instagram,plunge,6457,107,4,0,1.72,"Monday reminder: the best recovery setup is the one you’ll actually use.
A sauna next to the home gym.
Outdoor setup.
Fast heat-up.
Controlled from your phone.
No friction, no excuses.
That’s how dail",#Plunge #Sauna #HomeGym #Recovery #HeatTherapy,38,https://www.instagram.com/p/DZoBgHpvPSO/,0.85
48,TikTok,tryicebath,5796,24,1,5,0.52,"@Syed Amirul with his #icetub, ready for his daily recovery 🥶",# #icetub,21,https://www.tiktok.com/@tryicebath/video/7391484736390171911,0.38
49,TikTok,tryicebath,5411,29,0,0,0.54,"""Can ice bathing help with recovery?"" 🥶

#powerlifting #icebath #coldplunge #recovery #nationals",#icebath #coldplunge #nationals,13,https://www.tiktok.com/@tryicebath/video/7381412026427444496,0.36
50,TikTok,tryicebath,5029,20,8,6,0.68,"Introducing the IceTub, the ultimate portable & affordable ice bath, simply designed to enjoy cold water therapy anywhere. 🥶

This complete bundle includes:
1x The IceTub
1x Insulated Lid
1x Travel Ba",#freeshipping,0,https://www.tiktok.com/@tryicebath/video/7331346215986072850,0.33
51,Instagram,morozkoforge,4303,77,11,0,2.05,"Our friend @benbikmanphd reports that since he started a daily practice of ice bathing in his Morozko every morning, his total testosterone levels have jumped ""off the charts"" high.

It's not surprisi",,52,https://www.instagram.com/p/DQHeChOAa8T/,0.34
52,Instagram,transformationcolumbus,3896,77,9,0,2.21,Jacquie is a Certified Personal Trainer and covers our groups when I’m away. She’s not a cold plunge influencer—she’s a real woman with a real condition who walked into our recovery suite and never st,#TransformationColumbus #ColdPlunge #ColdImmersion #Raynauds #PowellOhio,161,https://www.instagram.com/p/DZcRji7AL5r/,1.0
53,TikTok,tryicebath,3334,65,5,6,2.28,"Benda paling berguna untuk bulan puasa nanti 😭

6 Kebaikan Mandi Ais 🥶
✅ Recovery Muscle Pain
✅ Kurangkan Stress & Anxiety
✅ Melancarkan Pengaliran Darah
✅ Kuatkan Mental
✅ Rasa Super Fresh
✅ Meningka",,28,https://www.tiktok.com/@tryicebath/video/7332684811808623890,0.22
54,TikTok,tryicebath,3218,10,0,3,0.4,"POV: When you are too active 🎾 and need recovery 😪
-
4 easy payments with 0% interest.
⚡ XL Size
❄️ Extra Thick Insulation
🌞 Outdoor and Indoor
✨ 1-Year Warranty
📦  FREE Delivery
💯 100% Satisfaction G",#icebath #coldplunge #coldwatertherapy #recovery,43,https://www.tiktok.com/@tryicebath/video/7388073236224937234,0.21
55,Instagram,piolet91,3064,79,2,0,2.64,"Nada como iniciar el 2025 con un baño de hielo ❄️💙
Así lo hizo @barbaraderegil, recibiendo el año con energía, enfoque y un reset total. 🌊🔥 ¿Tú cómo has vivido esta primera parte del 2025? 👀💭

#BañoDe",#BañoDeHielo #IceBath #Crioterapia #Recuperación #Piolet #Bienestar #NuevoAño #2025,28,https://www.instagram.com/p/DF88-VGv4ol/,1.84
56,TikTok,subceromx,3031,97,2,11,3.63,"Ven y descubre los beneficios 
#frio #coldplunge #icebath #subcero #monterrey #icebath 

Si tienes más dudas, mándanos un WhatsApp: 811 414 8142 o escríbenos a subcero.icebaths@gmail.com. 🚀❄️",#frio #coldplunge #icebath #subcero #monterrey #icebath,25,https://www.tiktok.com/@subceromx/video/7471771809168379142,0.92
57,Instagram,piolet91,2899,179,14,0,6.66,"PUPPY YOGA 🐶 con @shala.yogagroup y @rlc.yoga 

Yoga 🧘‍♀️, skincare 💆‍♀️, cold plunge ❄️ y perritos 🐕

Gracias @shala.yogagroup @sukin.mx @mulierbeautyspa 🙌🏽

Las increíbles tomas son de @clicksbyjoaq",#ColdPlunge #PIOLET #BañoDeHielo #WellnessMéxico #SanPedroNL,59,https://www.instagram.com/p/DH_YqpkRzEj/,1.74
58,TikTok,ice.bath.recovery.tijuan,2804,57,1,1,2.1,"Hoy es el último día…
pero también es el inicio de algo mucho más grande.

Porque lo que empezó como un reto,
se convirtió en disciplina.
Y la disciplina… se queda. 💥

Y sí… hoy tenemos una sorpresa 👀",,156,https://www.tiktok.com/@ice.bath.recovery.tijuan/video/7629229391456865543,3.53
59,TikTok,subceromx,2746,119,1,4,4.52,jugando colores en la tina fria🥶🎨				#fyp #parati #icebath #funny #divertido #coldplunge #salud #disciplina #juego ,#fyp #parati #icebath #funny #divertido #coldplunge #salud #disciplina #juego,24,https://www.tiktok.com/@subceromx/video/7475422962577984774,0.83
60,Instagram,nickdompierre,2633,204,2,0,7.82,"If you train hard but recover poorly… you’re limiting your progress.

Most people don’t need a harder workout. 

They need to stop falling off recovery.

That’s why I use @icebarrel

No setup. No excu",#icebarrel #icebath #recovery #discipline,38,https://www.instagram.com/p/DYXR2M7N2OW/,1.0
61,TikTok,subceromx,2473,63,3,6,2.91,,,21,https://www.tiktok.com/@subceromx/video/7519732417846856967,0.75
62,TikTok,tryicebath,2462,23,2,2,1.1,"POV: When you are too active 🎾 and need recovery 😪
-
3 easy payments with 0% interest.
⚡ XL Size
❄️ Extra Thick Insulation
🌞 Outdoor and Indoor

Order now: Tiktok Shop",,43,https://www.tiktok.com/@tryicebath/video/7345014957093784837,0.16
63,Instagram,piolet91,2457,73,6,0,3.22,"Wellness Party con @urvita y @the.coffee.runnn 🫰🏽🫰🏽🫰🏽
Gracias por invitarnos y gracias a todos los que pasaron a saludarnos y darse un momento de relajación en los hielos 🧘🏻‍♀️🧘🏽‍♂️🧊🧊

Fotos y videos ",#icebath #crioterapia #hielo #wellness,28,https://www.instagram.com/p/C_a_xoCRg0d/,1.47
64,TikTok,tryicebath,2450,27,0,3,1.22,"Why I regret taking my first ice bath!! 🤯

💪🏻 Help muscle recovery
🧠 Boost mental health
🔥 Increase fat burn
😴 Imporve sleep quality

4 easy payments with 0% interest.
⚡ XL Size
❄️ Extra Thick Insulat",,19,https://www.tiktok.com/@tryicebath/video/7332684590051511560,0.16
65,Instagram,mentefria.therapy,2250,-1,8,0,0.31,"Somos frío real, sin necesidad de hielos.",,21,https://www.instagram.com/p/DY0SplEKpE7/,1.45
66,TikTok,icebarrel,2225,67,4,1,3.24,Which one is your favorite? 👀 #icebath #coldplunge,#icebath #coldplunge,42,https://www.tiktok.com/@icebarrel/video/7462459468475944223,0.09
67,TikTok,tryicebath,2007,18,0,4,1.1,Day 0 - How to get started with ice bath. ⚡️,,22,https://www.tiktok.com/@tryicebath/video/7330196592428928264,0.13
68,Instagram,doctormotley,1983,32,2,0,1.71,"He used to have sweaty palms in every meeting. Then he started cold therapy.

Here’s what changed: After months of consistent cold exposure, Wyatt Ewing sat in high-stakes corporate negotiations with ",#nervousystem #anxiety #coldtherapy #coldplunge #ancienthealthpodcast,24,https://www.instagram.com/p/DY428z-PjLN/,1.3
69,TikTok,ice.bath.recovery.tijuan,1857,48,0,1,2.64,"Feliz Día de las Madres a mi mayor fan, la que siempre está apoyándome, dándome like y creyendo en mí desde el día uno: mi mamá. 💖

Gracias por ser mi ejemplo, mi motor y mi porra oficial en este sueñ",,11,https://www.tiktok.com/@ice.bath.recovery.tijuan/video/7638348947219680520,2.34
70,Instagram,mentefria.therapy,1737,70,14,0,4.84,La MF One es líder en el mercado por muchas razones. Déjanos compartirte algunas de las que la convierten en la elección número uno.,,22,https://www.instagram.com/p/DZftEoYpcdz/,1.12
71,Instagram,plunge,1732,94,16,0,6.35,"Five years ago, Plunge started in a garage with one simple question:

What if cold therapy could be brought into people’s homes in a way that felt beautiful, easy, and accessible?

That question becam",#Plunge #ColdPlunge #ColdTherapy #Sauna #ContrastTherapy,109,https://www.instagram.com/p/DYTC0LPiwsI/,0.23
72,Instagram,mentefria.therapy,1719,59,5,0,3.72,"Solo 3 minutos. Eso es todo lo que necesitas para resetear tu cuerpo.

Sabemos que tu tiempo es valioso y que quieres aprovecharlo al máximo. Por eso, con Mente Fria recuperas esos minutos que antes p",,34,https://www.instagram.com/p/DZKvUlRugwd/,1.1
73,TikTok,icebarrel,1707,30,0,1,1.82,How cold would you go?🧊 #fyp #foryoupage ,#fyp #foryoupage,20,https://www.tiktok.com/@icebarrel/video/7460195234157169950,0.07
74,TikTok,tryicebath,1683,8,1,5,0.83,"PIECE OF MIND. ⚡  

Every IceTub comes with:
✅ 1 Year Manufacturer Warranty
✅ 100 Days to return it for a full refund
✅ 100% Satisfaction Guarantee

Experience a natural high feeling like no other & g",#tryicebath #icebath #coldplunge #coldwatertherapy #theicetub #wellnessjourney #wimhoff #icebathmalaysia #recovery #coldexposure #coldtub #wimhofmethod,0,https://www.tiktok.com/@tryicebath/video/7328375008986713351,0.11
75,TikTok,tryicebath,1682,8,3,3,0.83,"POV: I regret trying the IceTub & it changed my life 🔥🤯

6 benefits of ice bath 🥶
✅ Recovery for muscle pain
✅ Reduce stress & anxiety
✅ Improved blood flow
✅ Boost mood
✅ Strengthen immune system
✅ I",#freeshipping,13,https://www.tiktok.com/@tryicebath/video/7331345941909327112,0.11
76,TikTok,icebarrel,1599,22,3,0,1.56,This will be a very beautiful experience for all #foryou ,#foryou,10,https://www.tiktok.com/@icebarrel/video/7462081662755589406,0.06
77,TikTok,subceromx,1595,39,3,0,2.63,"Tu cuerpo habla. Pero si no lo escuchas… lo apaga.
El estrés, el cansancio, la falta de enfoque… no son normales.
A veces, solo necesitas 3 minutos de silencio… y frío. ❄️

#SubCero #IceBathMX #Recupe",#subcero #icebathmx #recuperaciónreal #bienestar #coldplunge #resetmental #escuchatucuerpo #subceroexperience,20,https://www.tiktok.com/@subceromx/video/7506937084196752647,0.48
78,Instagram,plunge,1587,59,12,0,4.47,"What does it take to build the Plunge All-In Gen 2?
Custom-made parts. Hand assembly in California. And a 100+ point QC testing protocol before it ever leaves our factory floor.

Every unit is built b",#coldplunge #icebath #plunge #healthandwellness #recovery,59,https://www.instagram.com/p/DZbEsJ4SXy4/,0.21
79,Instagram,icebarrel,1552,39,3,0,2.71,Our most insulated unit -- the Ice Barrel 500 🧊,,11,https://www.instagram.com/p/DY54joukSJs/,2.43
80,TikTok,subceromx,1500,45,1,6,3.47,"No es magia. Es hielo. ❄️
Más energía, mejor enfoque, y duermes como nunca. Hazlo 3 días y cuéntame si no te cambia todo.

📩 Pedidos y más info:
💬 WhatsApp: 811 414 8142
📧 subcero.icebaths@gmail.com

",#subcero #icebaths #recuperación #energíareal #coldplunge #rendimiento #biohacking #icetherapy #vidafría #subceroexperience,27,https://www.tiktok.com/@subceromx/video/7504134338670365970,0.45
81,Instagram,mentefria.therapy,1491,89,2,0,6.1,"Somos los mejores de México. Y si piensas lo contrario, déjanos explicarte por qué.",,27,https://www.instagram.com/p/DZYZ4w1KcG_/,0.96
82,Instagram,mentefria.therapy,1471,-1,0,0,-0.07,Estás perdiendo la mitad del trabajo por no recuperar como debes.,,22,https://www.instagram.com/p/DZQdU-MBqir/,0.95
83,TikTok,icebarrel,1427,81,0,0,5.68,Bring it on 👏 #fy #arcticfreeze ,#fy #arcticfreeze,30,https://www.tiktok.com/@icebarrel/video/7462098834517347630,0.06
84,TikTok,polarrecovery,1413,147,1,0,10.47,thank you emma 🫶🫶 #recovery #edrecocery #wieiad #wieiadrealistic #wieiadedrecovery #foodie #foodisfuel #fyp ,#recovery #edrecocery #wieiad #wieiadrealistic #wieiadedrecovery #foodie #foodisfuel #fyp,0,https://www.tiktok.com/@polarrecovery/video/7174964373776125227,1.92
85,TikTok,icebarrel,1304,55,0,0,4.22,It’s what the people want! 🤷‍♀️ #fyp #foryoupage ,#fyp #foryoupage,14,https://www.tiktok.com/@icebarrel/video/7460926223468825886,0.05
86,TikTok,subceromx,1287,71,3,2,5.91,Los tres beneficios de subcero #frio #coldplunge #icebath #subcero #monterrey ,#frio #coldplunge #icebath #subcero #monterrey,41,https://www.tiktok.com/@subceromx/video/7470183761498377527,0.39
87,TikTok,ice.bath.recovery.tijuan,1282,40,2,2,3.43,"“Todos creen que un ICE BATH se trata solo de aguantar el frío… hasta que salen sintiéndose así 🧊✨

Respiras diferente
Piensas diferente
Y sales con una paz que no se explica… se vive.

Así se ven nue",,17,https://www.tiktok.com/@ice.bath.recovery.tijuan/video/7645031371206855943,1.62
88,TikTok,icebarrel,1269,12,1,0,1.02,Taking the trend too seriously?✔️,,5,https://www.tiktok.com/@icebarrel/video/7449880217566367022,0.05
89,Instagram,plunge,1260,59,5,0,5.08,"They came, they saw, and 26:18 later they built it. This is what a seamless sauna setup looks like.",,55,https://www.instagram.com/p/DXxLZgHBtqS/,0.17
90,TikTok,icebarrel,1230,58,0,1,4.8,Don’t tell our boss. 🫢#foryoupage #fyp ,#foryoupage #fyp,9,https://www.tiktok.com/@icebarrel/video/7439850510393330987,0.05
91,TikTok,ice.bath.recovery.tijuan,1154,15,0,0,1.3,"WELLNESS AFTERNOON 🌅 

Gracias por la invitación a este increíble evento junto a nuestros amigos de KOVA 💙❄️  

Nos encantó compartir con todos ustedes y ver cómo se atrevieron a sumergirse en el hiel",,16,https://www.tiktok.com/@ice.bath.recovery.tijuan/video/7643932335058029842,1.45
92,TikTok,subceromx,1116,67,2,1,6.27,"3 tips para NO ver resultados del ice-bath🧊😱🥶

#fyp #parati #salud #health #coldplunge #aguafria #ejercicio",#fyp #parati #salud #health #coldplunge #aguafria #ejercicio,24,https://www.tiktok.com/@subceromx/video/7472583861747174661,0.34
93,TikTok,piolet91,1100,6,0,0,0.55,"Nada como iniciar el 2025 con un baño de hielo ❄️💙
Así lo hizo @Barbara de Regil , recibiendo el año con energía, enfoque y un reset total. 🌊🔥 ¿Tú cómo has vivido esta primera parte del 2025? 👀💭

#Bañ",# #bañodehielo #icebath #crioterapia #recuperación #piolet #bienestar #nuevoaño #2025,28,https://www.tiktok.com/@piolet91/video/7476233817339071749,0.13
94,TikTok,icebarrel,1088,21,1,2,2.21,Pasisng the time one self interview at a time!😂 #fyp #foryoupage ,#fyp #foryoupage,36,https://www.tiktok.com/@icebarrel/video/7444299196405959967,0.04
95,Instagram,doctormotley,1072,35,4,0,3.64,"He’s offered $1,000 to anyone who gets out of an ice bath without smiling. He’s never paid.

Wyatt Ewing built Ice Barrel — one of the fastest-growing cold therapy brands in America — after a stranger",#coldplunge #coldtherapy #icebarrel #icebath #wellness,30,https://www.instagram.com/p/DYzrUurBfGn/,0.7
96,Instagram,piolet91,1067,71,18,0,8.34,"El alto rendimiento no se trata de hacer más, sino de recuperarte mejor.

La disciplina se construye día a día, pero una recuperación adecuada es lo que te permite volver más fuerte a cada entrenamien",#piolet #icebath #recovery #AltoRendimiento,50,https://www.instagram.com/p/DZa47LrAaJT/,0.64
97,Instagram,greenlighttherapy,1035,83,4,0,8.41,"You are probably not getting enough green light, and it's hurting your skin health.

Every red light device marketed online targets CcO in the mitochondria, meaning the red light mostly bypasses the s",,243,https://www.instagram.com/p/DYspMr_JNIl/,1.0
98,TikTok,subceromx,1024,62,2,0,6.25,"❄️ 3 Mitos sobre los Ice Baths 🚫

Muchos creen saberlo todo sobre los ice baths, pero no es así… 👀❄️

¿Cuál de estos mitos te habías creído? 🤔 Déjalo en los comentarios.

📩 Más info: WhatsApp 811 414 ",#icebath #recuperaciónmuscular #inmersiónenfrío #coldplunge #atletas #bienestar #entrenamiento #recuperación #salud #performance #subcero,21,https://www.tiktok.com/@subceromx/video/7476095025059876101,0.31
99,Instagram,plunge,978,72,13,0,8.69,"Untold Plunge Stories.
Back in 2023, we had already designed and engineered the Plunge Sauna. Manufacturing was lined up. Deposits were coming in. Everything was moving.
Then the entire deal fell apar",#Plunge #PlungeSauna #BehindTheScenes #StartupStory #Entrepreneur,56,https://www.instagram.com/p/DY3DYQwPSjD/,0.13
100,TikTok,icebarrel,913,11,1,5,1.86,Number 1 Ice Barrel fan☝️#fyp #foryoupage ,#fyp #foryoupage,7,https://www.tiktok.com/@icebarrel/video/7458365205056146718,0.04
101,TikTok,tryicebath,903,6,0,5,1.22,Terima kasih @tryicebath memudahkan recovery adeq 💁‍♀️ #icebath,# #icebath,32,https://www.tiktok.com/@tryicebath/video/7328374267060538630,0.06
102,TikTok,ice.bath.recovery.tijuan,898,33,1,1,3.9,"Más que un bootcamp, estamos creando una comunidad. ❄️

Un espacio donde conoces personas que, al igual que tú, decidieron salir de su zona de confort, enfrentar nuevos retos y convertirse en una mejo",#icebootcamp #icebathrecovery #comunidadicebath #crecerjuntos #tijuana,116,https://www.tiktok.com/@ice.bath.recovery.tijuan/video/7649955451164953863,1.13
103,TikTok,icebarrel,888,17,2,0,2.14,How cold would you go? 🫵🧊,,20,https://www.tiktok.com/@icebarrel/video/7602757315133050125,0.04
104,TikTok,subceromx,875,21,3,2,2.97,"❄️ Un ice bath es poderoso, pero no hace magia. ⚡️

Si no comes bien ni duermes lo suficiente, no esperes resultados óptimos.El ice bath es la cereza del pastel, no el pastel entero. 🍒❄️

💬 ¿Cómo comp",#subcero #icebathmx #recuperaciónóptima #bienestar #rendimiento #coldplunge,17,https://www.tiktok.com/@subceromx/video/7480235262031793463,0.26
105,Instagram,plunge,872,48,1,0,5.62,"Memorial Day Sale is live.

For a limited time, take 20% off Plunge Saunas and upgrade your daily routine with premium heat therapy. 

Crafted from high-quality cedar.�Heats to 200º+.�Fully controlled",#Plunge #PlungeSauna #ContrastTherapy #WellnessRoutine #MemorialDaySale,114,https://www.instagram.com/p/DYACmLHyzY4/,0.12
106,Instagram,icebarrel,795,41,0,0,5.16,"🔥 SIX Ice Barrels. One epic challenge. 🔥

Think you have what it takes to conquer the @WorldsToughestMile?

Join us in Boulder, Colorado, on Saturday, June 13, and compete for prizes awarded to the to",,37,https://www.instagram.com/p/DZaFsRGD-0y/,1.24
107,TikTok,polarrecovery,790,52,2,0,6.84,am i the only one who has no problem eating food its just after? cause i gooble up my food and then after i have to cry for like an hour 😥?! #recovery #edrecocery #wieiad #wieiadrealistic #wieiadedrec,#recovery #edrecocery #wieiad #wieiadrealistic #wieiadedrecovery #foodisfuel #foodie #fyp,0,https://www.tiktok.com/@polarrecovery/video/7175687338939452714,1.07
108,TikTok,ice.bath.recovery.tijuan,787,29,0,1,3.81,"Acuérdate… siempre hay alguien viéndote 👀

Y muchas veces, son personitas pequeñas…
observando no lo que dices, sino cómo reaccionas.

Si tú expresas miedo… ellos aprenden miedo.
Si tú expresas seguri",,14,https://www.tiktok.com/@ice.bath.recovery.tijuan/video/7631802357633813767,0.99
109,Instagram,plunge,783,32,3,0,4.47,Our best prices ever—while supplies last! #MemorialDaySale,#MemorialDaySale,28,https://www.instagram.com/p/DX-UzvUPo1L/,0.1
110,TikTok,subceromx,763,13,1,2,2.1,"Día de entrenamiento pesado y, obviamente, cerrando con un ice bath para no quedar destruido al día siguiente. 😵‍💫❄️

💬 ¿Te animas a intentarlo? Comenta cuánto tiempo crees que aguantarías en el agua ",#vlog #icebath #recuperación #entrenamiento #fríochallenge #subcero #gimnasio #fitness #bienestar,27,https://www.tiktok.com/@subceromx/video/7478472945912859912,0.23
111,TikTok,thepodcompany,739,46,0,1,6.36,#icebath #coldexposure #wimhof #motivation #motivational #winterarc #gym #davidgoggins ,#icebath #coldexposure #wimhof #motivation #motivational #winterarc #gym #davidgoggins,0,https://www.tiktok.com/@thepodcompany/video/7314956356606283038,1.63
112,TikTok,thepodcompany,726,74,0,0,10.19,#icebath #coldexposure #wimhof #motivation #motivational #winterarc #gym ,#icebath #coldexposure #wimhof #motivation #motivational #winterarc #gym,0,https://www.tiktok.com/@thepodcompany/video/7314517048237772062,1.6
113,TikTok,piolet91,700,25,0,5,4.29,"con MdeMafer y Casa Copal

Un día de bienestar, conexión y energía renovada en Casa Copal, Guadalajara.

🗓 Fecha: Domingo 9 de marzo
📍 Lugar: Casa Copal, Guadalajara
⏰ Horario: 08:30 AM - 1:00 PM

AGE",#wellnessparty #guadalajara #icebath #díadelamujer #casacopal #pilatesreformer #bañodehielo,0,https://www.tiktok.com/@piolet91/video/7477648091974356279,0.09
114,TikTok,ice.bath.recovery.tijuan,677,35,0,0,5.17,"TRIIIBE RUN & ICE BATH 🥶✨

Gracias TRIIIBU por la invitación 🫰🏻

Hoy no solo corrieron…
no solo entrenaron…
hoy se retaron 💥

Primero, dejando todo en cada kilómetro y en cada ejercicio…
y después, lo",#icebathrecovery #tribu #recuperaciónreal,20,https://www.tiktok.com/@ice.bath.recovery.tijuan/video/7630560403012979976,0.85
115,TikTok,ice.bath.recovery.tijuan,675,29,2,0,4.59,"No es solo meterte al hielo 🥶✨

La mayoría piensa que un ice bath es solo meterte al hielo… pero lo que nadie te explica es que hacerlo mal puede ser una de las peores experiencias para tu cuerpo.

Po",,100,https://www.tiktok.com/@ice.bath.recovery.tijuan/video/7644061673510194439,0.85
116,TikTok,ice.bath.recovery.tijuan,652,2,0,0,0.31,"Quien te diga que emprender es fácil, te miente.

Emprender duele, da miedo, es incómodo y muchas veces se siente como un camino larguísimo. Los primeros años ni siquiera ves ganancias… de hecho, todo",,17,https://www.tiktok.com/@ice.bath.recovery.tijuan/video/7646527328985615634,0.82
117,Instagram,thecoldplungestore,633,39,6,0,7.11,"What a HIT this event turned out to be! 🙌

Huge thanks to everyone who showed up and crushed the workout with @mrt_optimalfitness ! Your energy was unbeatable!

Shoutout to @lululemon for keeping ever",#thewoodlands #thewoodlandstexas #groupfitness #communitywork #coldplunge #icebath,37,https://www.instagram.com/p/C_3UdZBuGQS/,1.87
118,TikTok,ice.bath.recovery.tijuan,630,31,2,3,5.71,"La sesión más difícil… y la más especial que he dado 🫠❤️

La mejor sesión que he dado en este año y medio… y también la más difícil 😂

Porque sí, he tenido sesiones intensas, con atletas, retos, gente",,78,https://www.tiktok.com/@ice.bath.recovery.tijuan/video/7634722284179098887,0.79
119,TikTok,ice.bath.recovery.tijuan,630,14,0,0,2.22,"Todo por la anécdota 🤍

Gracias a todos los corredores del medio y maratón de San Diego que vinieron esta semana a recuperarse como se debe con nuestras terapias de contraste. 🧊🔥

Nos encanta escuchar",,17,https://www.tiktok.com/@ice.bath.recovery.tijuan/video/7649120244685982983,0.79
120,TikTok,ice.bath.recovery.tijuan,626,25,0,1,4.15,"LA RUTA DEL CAFÉ ☕🏃‍♂️🧊

Hoy vivimos algo increíble…  
ver a tantos corredores cruzar la meta y todavía tener la valentía de meterse al hielo ❄️🔥

Cada persona que entró a la tina no solo vino a recup",,32,https://www.tiktok.com/@ice.bath.recovery.tijuan/video/7633272987898088712,0.79
121,Instagram,morozkoforge,625,44,1,0,7.2,"Middle-aged German men with Type 2 diabetes were exposed to chilly air for several hours a day.

No change in diet.
No change in exercise.
Not even cold enough to shiver.

The group experienced an eno",,36,https://www.instagram.com/p/DYxku0TBQ57/,0.05
122,Instagram,morozkoforge,596,52,3,0,9.23,"The most popular misconception about the risks associated with ice baths is that somehow whole-body cold water immersion is going to result in dangerous (pathological) heart arrythmia.

But when Swiss",#1,112,https://www.instagram.com/p/DZJKhIuhDV9/,0.05
123,TikTok,ice.bath.recovery.tijuan,592,7,0,0,1.18,"Mom’s Glow Up 🥶🫰🏻

9 de mayo 🧘‍♀️☕️",,20,https://www.tiktok.com/@ice.bath.recovery.tijuan/video/7629924123791183111,0.75
124,TikTok,piolet91,589,14,0,1,2.55,"Si es ice bath, tiene que ser PIOLET",,10,https://www.tiktok.com/@piolet91/video/7485500384094489862,0.07
125,TikTok,ice.bath.recovery.tijuan,587,4,0,0,0.68,"Cosas que mi yo de niña jamás imaginó:
✨ Tener mi propio espacio
✨ Ayudar a personas a sentirse mejor
✨ Crear una comunidad increíble
✨ Hacer lo que me apasiona todos los días

Mi niña interior está:
",,6,https://www.tiktok.com/@ice.bath.recovery.tijuan/video/7634801061785603336,0.74
126,TikTok,thepodcompany,584,26,0,3,4.97,Push yourself. #icebath #coldexposure #wimhof #motivation #motivational ,#icebath #coldexposure #wimhof #motivation #motivational,8,https://www.tiktok.com/@thepodcompany/video/7314128325067230494,1.29
127,TikTok,ice.bath.recovery.tijuan,584,19,0,0,3.25,Es mejor sobrepensar en el hielo 🥶🫰🏻,,9,https://www.tiktok.com/@ice.bath.recovery.tijuan/video/7644423780122561810,0.74
128,TikTok,thepodcompany,578,47,0,1,8.3,Make a beautiful garden. #icebath #coldexposure #wimhof #motivation #motivational #gym #winterarc #davidgoggins ,#icebath #coldexposure #wimhof #motivation #motivational #gym #winterarc #davidgoggins,17,https://www.tiktok.com/@thepodcompany/video/7311598374002806062,1.28
129,TikTok,icebarrel,569,9,2,1,2.11,"wind: 1 , tripod: 0 ",,7,https://www.tiktok.com/@icebarrel/video/7447535774817471774,0.02
130,TikTok,thepodcompany,543,37,1,1,7.18,You need to be uncomfortable. #icebath #coldexposure #wimhof #motivation #motivational #gym #winterarc ,#icebath #coldexposure #wimhof #motivation #motivational #gym #winterarc,19,https://www.tiktok.com/@thepodcompany/video/7313099913762458911,1.2
131,Instagram,morozkoforge,543,58,0,0,10.68,"Biophotons are the sunshine your mitochondria make inside your body. 

You already know that during cold thermogenesis mitochondria in brown fat cells produce far infrared (FIR) light called heat. Wel",,88,https://www.instagram.com/p/DZNZfKoByJ8/,0.04
132,TikTok,thepodcompany,543,37,0,1,7.0,Be present. #icebath #coldexposure #wimhof #motivation #motivation #motivational #gym ,#icebath #coldexposure #wimhof #motivation #motivation #motivational #gym,11,https://www.tiktok.com/@thepodcompany/video/7313823935781522718,1.2
133,TikTok,icebarrel,537,7,0,0,1.3,*post* concert accessories include the Ice Barrel 500,,10,https://www.tiktok.com/@icebarrel/video/7522630241748028685,0.02
134,TikTok,thepodcompany,529,28,0,1,5.48,You need to push yourself💪 #icebath #coldplunge #coldexposure #icebathchallange #wimhof #wimhofmethod #motivation #motivational ,#icebath #coldplunge #coldexposure #icebathchallange #wimhof #wimhofmethod #motivation #motivational,10,https://www.tiktok.com/@thepodcompany/video/7307824095125671198,1.17
135,TikTok,ice.bath.recovery.tijuan,526,6,0,0,1.14,"Mom’s Glow Up ❤️‍🩹

GRACIAS POR TODO 🥶🫰🏻",,35,https://www.tiktok.com/@ice.bath.recovery.tijuan/video/7638726544357166354,0.66
136,TikTok,subceromx,521,20,0,1,4.03,Así de fácil es la instalacion #frioooooooo🥶🥶🥶🥶🥶 #icebath #coldplung ,#frioooooooo🥶🥶🥶🥶🥶 #icebath #coldplung,32,https://www.tiktok.com/@subceromx/video/7558211263818501397,0.16
137,TikTok,thepodcompany,514,56,0,0,10.89,#icebath #coldplunge #coldexposure #icebathchallange #wimhof #wimhofmethod #fyp #gym #winterarc ,#icebath #coldplunge #coldexposure #icebathchallange #wimhof #wimhofmethod #fyp #gym #winterarc,0,https://www.tiktok.com/@thepodcompany/video/7305641500501757214,1.14
138,Instagram,mateussiq_,484,44,2,0,9.5,"Testando algo novo… 

No começo dá aquele choque, mas depois você sai com uma sensação absurda de leveza e foco.

Percebi alguns benefícios bem rápidos:
Menos dor muscular, corpo mais “leve” depois do",#banhodegelo #rotina #disciplina #foco #evolução,43,https://www.instagram.com/p/DW-DDn7jfLx/,1.0
139,TikTok,piolet91,475,21,0,0,4.42,"Tiene que ser Piolet.

#IceBath #BañoDeHielo #Crioterapia #Bienestar #Recuperación #RespiraYSiente ",#icebath #bañodehielo #crioterapia #bienestar #recuperación #respiraysiente,39,https://www.tiktok.com/@piolet91/video/7482795643761708294,0.06
140,TikTok,subceromx,472,3,0,1,0.85,"EL DOBLE DE POTENCIA. ENFRÍA MÁS RÁPIDO, RINDE MEJOR 
Pensada para quienes no quieren esperar el frío… lo exigen.
Disponible muy pronto en Sub Cero.",,0,https://www.tiktok.com/@subceromx/video/7517005029111336210,0.14
141,TikTok,subceromx,465,6,2,1,1.94,Empieza tu reto ❄️🧊#frio #coldplunge #icebath #subcero ,#frio #coldplunge #icebath #subcero,12,https://www.tiktok.com/@subceromx/video/7418792313792646406,0.14
142,Instagram,morozkoforge,458,43,2,0,9.83,"How much is stress helping you?

This clip with @seagertp and @metabolic_mike corrects misconceptions about stress and how it impacts longevity. Drawing on insights from @kellymariemcgonigal and Hans ",,68,https://www.instagram.com/p/DYs0J4oBXK_/,0.04
143,TikTok,thepodcompany,441,39,0,1,9.07,Are you motivated? #icebath #coldexposure #wimhof #motivation #motivational #gym #winterarc #cold ,#icebath #coldexposure #wimhof #motivation #motivational #gym #winterarc #cold,13,https://www.tiktok.com/@thepodcompany/video/7310882206187015470,0.97
144,TikTok,subceromx,435,4,1,0,1.15,"Vamos todo pregunta por informacion 😁❄️

#frio #coldplunge #icebath #subcero #monterrey ",#frio #coldplunge #icebath #subcero #monterrey,15,https://www.tiktok.com/@subceromx/video/7416836707343027461,0.13
145,TikTok,thepodcompany,435,18,0,1,4.37,You need to go through hell. #icebath #coldexposure #wimhof #motivation #motivational #gym #winterarc ,#icebath #coldexposure #wimhof #motivation #motivational #gym #winterarc,15,https://www.tiktok.com/@thepodcompany/video/7311937268296568107,0.96
146,TikTok,thepodcompany,425,24,0,2,6.12,You must suffer to grow💯 #icebath #coldexposure #wimhof #motivation #motivational #gym #winterarc #davidgoggins ,#icebath #coldexposure #wimhof #motivation #motivational #gym #winterarc #davidgoggins,9,https://www.tiktok.com/@thepodcompany/video/7311229735277841710,0.94
147,TikTok,thepodcompany,419,22,0,2,5.73,Keep going. #icebath #coldexposure #wimhof #motivation #motivational #gym #winterarc ,#icebath #coldexposure #wimhof #motivation #motivational #gym #winterarc,14,https://www.tiktok.com/@thepodcompany/video/7313507454317284638,0.93
148,TikTok,ice.bath.recovery.tijuan,417,5,0,0,1.2,"DÍA 19 DE 21 – “El día que sufrí… pero regresé”

Cosas que solo me pasan a mí … pero por ser lunes se perdona 🤡

Lo grabé doble así que espero doble like 🤣😂",,129,https://www.tiktok.com/@ice.bath.recovery.tijuan/video/7628396314522307848,0.53
149,Instagram,icebarrel,415,-1,5,0,0.96,"Austin WTM was epic! 

Athletes showed up, pushed limits, and proved what resilience really looks like. Proud to be an official partner of @WorldToughestMile.

Recovery is where the real work continue",,24,https://www.instagram.com/p/DYNns7gEyw1/,0.65
150,TikTok,icebarrel,407,7,0,0,1.72,,,18,https://www.tiktok.com/@icebarrel/video/7517470111599578382,0.02
151,TikTok,thepodcompany,400,24,0,3,6.75,2024 is your year. #icebath #coldexposure #wimhof #motivation #motivational #gym #winterarc #davidgoggins ,#icebath #coldexposure #wimhof #motivation #motivational #gym #winterarc #davidgoggins,18,https://www.tiktok.com/@thepodcompany/video/7312712599018147102,0.88
152,TikTok,polarrecovery,385,48,2,0,12.99,"guilt, guilt, and more guilt but it’s ok 👌 eat it to beat it #recovery #wieiad #wieiadedrecovery #wieiadrealistic #anarecovery #fyp #foodie #foodisfuel ",#recovery #wieiad #wieiadedrecovery #wieiadrealistic #anarecovery #fyp #foodie #foodisfuel,0,https://www.tiktok.com/@polarrecovery/video/7176826741581827370,0.52
153,TikTok,piolet91,385,8,0,0,2.08,"Un día de conexión y comunidad en San Pedro Garza García: empezamos con yoga 🧘‍♀️, cuidamos la piel ✨ y cerramos con un cold plunge ❄️ para recargar energía.
#ColdPlunge #SanPedroGarzaGarcía #YogaEnCo",#coldplunge #sanpedrogarzagarcía #yogaencomunidad #facecare #bañodehielo #wellnessméxico #selfcare #crioterapia #sanpedronl,59,https://www.tiktok.com/@piolet91/video/7488877288734395653,0.05
154,Instagram,piolet91,383,-1,5,0,1.04,"Así se bajan las revoluciones.
Buena temperatura, buena compañía y tiempo para recuperarte. ❄️

#PIOLET #RecoveryCulture #ColdExposure",#PIOLET #RecoveryCulture #ColdExposure,21,https://www.instagram.com/p/DY0PRjtm-hP/,0.23
155,TikTok,subceromx,380,2,2,0,1.05,"Pide la tuya el mejor precio de mexico ❄️🧊
.
.
.
#frio #coldplunge #icebath #subcero #monterrey ",#frio #coldplunge #icebath #subcero #monterrey,11,https://www.tiktok.com/@subceromx/video/7416836190835363077,0.11
156,Instagram,coldplungebiz,378,5,0,0,1.32,"You ready for winter? 🥶 

#coldplunge #icebath #polarplunge #wimhof #biohacking #longevity",#coldplunge #icebath #polarplunge #wimhof #biohacking #longevity,7,https://www.instagram.com/p/DBy54hJJ9fE/,1.0
157,TikTok,thepodcompany,376,37,0,2,10.37,You can do it. #icebath #coldexposure #wimhof #motivation #motivational #gym #selfhelp #davidgoggins ,#icebath #coldexposure #wimhof #motivation #motivational #gym #selfhelp #davidgoggins,13,https://www.tiktok.com/@thepodcompany/video/7308593210765430047,0.83
158,TikTok,piolet91,376,15,0,1,4.26,"📢📢 Puppy Yoga is here!! 🐾
El sábado 29 de marzo estaremos dando una clase de Yoga por el maestro Roberto Lopez, seguida por una meditación 🧘🏽‍♀️. Todo esto en compañía de cachorritos 🐶, porque no hay ",#wellnessparty #monterrey #yoga #icebath #bañodehielo #crioterapia #bienestar #recuperación,0,https://www.tiktok.com/@piolet91/video/7480227585276775686,0.05
159,TikTok,thepodcompany,369,15,0,1,4.34,How do you push yourself? #icebath #coldexposure #wimhof #motivation #motivational #gym #selfhelp #davidgoggins #coldplunge ,#icebath #coldexposure #wimhof #motivation #motivational #gym #selfhelp #davidgoggins #coldplunge,8,https://www.tiktok.com/@thepodcompany/video/7309709299792497950,0.82
160,TikTok,thepodcompany,367,9,0,1,2.72,Have you tried it? #icebath #coldexposure #wimhof #motivation #motivational #gym #selfhelp #fypシ ,#icebath #coldexposure #wimhof #motivation #motivational #gym #selfhelp #fypシ,12,https://www.tiktok.com/@thepodcompany/video/7309331001493163295,0.81
161,TikTok,thepodcompany,366,4,0,1,1.37,Which one do you need the most? #icebath #coldexposure #wimhof #motivation #motivational #wimhofmethod #gym #selfhelp ,#icebath #coldexposure #wimhof #motivation #motivational #wimhofmethod #gym #selfhelp,16,https://www.tiktok.com/@thepodcompany/video/7310102437497425182,0.81
162,Instagram,mentefria.therapy,363,-1,0,0,-0.28,Embace the power of a cold mind.,,13,https://www.instagram.com/p/DZF7OVmJ02_/,0.23
163,TikTok,polarrecovery,357,33,0,0,9.24,sushi is definitely one of the foods i avoided duribg my ed so im proud of myself!! #recovery #edrecocery #wieiad #wieiadrealistic #wieiadedrecovery #foodisfuel #foodie #fyp ,#recovery #edrecocery #wieiad #wieiadrealistic #wieiadedrecovery #foodisfuel #foodie #fyp,0,https://www.tiktok.com/@polarrecovery/video/7176055107539291434,0.48
164,Instagram,mentefria.therapy,353,-1,1,0,0.0,Mind Over Body.,,13,https://www.instagram.com/p/DZIOUUiOcS3/,0.23
165,Instagram,mentefria.therapy,349,-1,2,0,0.29,"Mientras tanto, alguien acaba de comprar 10 bolsas de hielo para una sesión de 3 minutos.",,3,https://www.instagram.com/p/DZrKQQ1OCKA/,0.22
166,Instagram,mentefria.therapy,335,-1,0,0,-0.3,"El tiempo es lo más valioso que tenemos. No se recupera, no se compra y no vuelve. Por eso creamos una experiencia que te ayuda a resetear cuerpo y mente en cuestión de minutos, para que puedas volver",,28,https://www.instagram.com/p/DZiYwmbK5XT/,0.22
167,TikTok,thepodcompany,325,23,0,1,7.38,You need to push yourself.. #icebath #coldexposure #wimhof #motivation #motivational #gym #davidgoggins #fypシ ,#icebath #coldexposure #wimhof #motivation #motivational #gym #davidgoggins #fypシ,10,https://www.tiktok.com/@thepodcompany/video/7310494109255535918,0.72
168,TikTok,thepodcompany,316,19,0,4,7.28,You are 100 little changes away from being who you wanna be. #icebath #icebathchallange #coldexposure #wimhof #motivation #motivational #fypシ  #CapCut ,#icebath #icebathchallange #coldexposure #wimhof #motivation #motivational #fypシ #capcut,12,https://www.tiktok.com/@thepodcompany/video/7308255639002778911,0.7
169,Instagram,icebarrel,307,18,0,0,5.86,The first 30 seconds are the hardest. The afterglow makes them worth it.,,11,https://www.instagram.com/p/DZp42u7ikXq/,0.48
170,TikTok,subceromx,293,8,0,0,2.73,"2026 no empieza con promesas.
Empieza con hábitos que sí se sostienen.
En SubCero diseñamos ice baths automáticos para mejorar tu recuperación, tu rendimiento y tu bienestar, sin necesidad de hielo y ",,22,https://www.tiktok.com/@subceromx/video/7593200740001238293,0.09
171,Instagram,reliant.fitness,275,1318,30,0,490.18,"Big thank you to @thecoldplungestore for keeping me up and running 🥶

Enjoy the cold with Embrace Limitless plunge and chiller combo! Perfect for any home/residential space 🏡🫵🏻

Enter code RELIANTFITN",,44,https://www.instagram.com/p/DKGEvdcyViV/,0.0
172,TikTok,piolet91,273,21,1,6,10.26,"Zona de recuperacion UNWIND de PIOLET en el maraton de Aguascalientes 2025. Lleva PIOLET a tu proximo evento masivo (carreras, festivales, etc)",,60,https://www.tiktok.com/@piolet91/video/7571171589786504504,0.03
173,Instagram,hugues.mucunguzi,269,7,0,0,2.6,"L’énergie par le coldplunge | @thecoldpod 

#coldplunge
#coldpod 
#wimhof",#coldplunge #coldpod #wimhof,71,https://www.instagram.com/p/DXBfYMexzeE/,1.0
174,Instagram,thecoldpod,262,10,0,0,3.82,"Unzip. Step in. Breathe. Reset. ❄️⁠
⁠
A few minutes in the cold can be the perfect opportunity to slow down, focus on your breathing and take a moment for yourself.⁠
⁠
Simple routine. Real benefits.",,20,https://www.instagram.com/p/DZhAEUMlbsJ/,1.87
175,TikTok,icebarrel,258,4,0,0,1.55,How many ice blocks can we fit?,,75,https://www.tiktok.com/@icebarrel/video/7637660801892879630,0.01
176,TikTok,icebarrel,255,2,0,0,0.78,"Listen to your body and find what works best for you. 🙌🧊
Ice baths are both a mental and physical experience and for some, challenging to get into at first. Prepare yourself by setting some goals for ",,6,https://www.tiktok.com/@icebarrel/video/7608337801121205518,0.01
177,TikTok,ice.bath.recovery.tijuan,216,2,0,0,0.93,"Día 20 DE 21 en el hielo

“Cómo nació Ice Bath (y el caos del 2024)",,134,https://www.tiktok.com/@ice.bath.recovery.tijuan/video/7628880242186226951,0.27
178,TikTok,icebarrel,209,2,0,0,0.96,"Built for real humans, built for the cold. 🧊
There’s just something about stepping in, taking that first breath, and proving to yourself you can do hard things. Again and again.
Hot days, cold water, ",,30,https://www.tiktok.com/@icebarrel/video/7630970687053696269,0.01
179,TikTok,piolet91,171,9,0,1,5.85,"Estuvimos en el Maratón de Aguascalientes… y sí, corrimos con todo el flow PIOLET 🧊🔥

#MaratónDeAguascalientes #RunWithPIOLET #SomosMovimiento #RecoveryTime #AtletasPIOLET ",#maratóndeaguascalientes #runwithpiolet #somosmovimiento #recoverytime #atletaspiolet,41,https://www.tiktok.com/@piolet91/video/7569311446165687572,0.02
180,TikTok,icebarrel,164,0,0,0,0.0,"🥶 your body knows what it needs — see your cold plunge number below...
246 - you need a quick reset dip ❄️
13 - you and your workout buddy should plunge together 🧊
58 - it’s time to commit to a cold r",,16,https://www.tiktok.com/@icebarrel/video/7628367697532751118,0.01
181,Instagram,thecoldpod,162,11,1,0,7.41,"Showing up every day this February ❄️⁠
Well done @big_shot14 for committing to a daily dip and inspiring others to take that first step into the cold.⁠
⁠
📷 @big_shot14",,60,https://www.instagram.com/p/DVJz6pGlDaV/,1.16
182,TikTok,ice.bath.recovery.tijuan,159,3,0,0,1.89,"🌷❄️ Feliz Día de las Madres ❄️🌷

Hoy queremos celebrar a todas las mamás que han sido parte de nuestra comunidad en Ice Bath Recovery Tijuana.

A esas mujeres increíbles que, además de cuidar de todos",#felizdíadelasmadres #icebathrecoverytijuana #mamásfuertes,22,https://www.tiktok.com/@ice.bath.recovery.tijuan/video/7638394303139613960,0.2
183,Instagram,thecoldpod,132,3,0,0,2.27,"Whether you've been training, gardening, running or simply enjoying the sunshine, cold water immersion can be a great way to support recovery.⁠
⁠
A few minutes in the cold can help soothe tired muscle",#coldplunge #icebath #heatwave #summerfitness #recoverymode,19,https://www.instagram.com/p/DZO_E5wlI1t/,0.94
184,Instagram,piolet91,130,13,0,0,10.0,"❄️ Cuando cada grado cuenta, todo cambia. 🧊
Pool + Chiller Polar Pro.
Redefiniendo la experiencia de las inmersiones en frío.
#PIOLET  #ColdImmersion #Wellness #RecoveryPro",#PIOLET #ColdImmersion #Wellness #RecoveryPro,17,https://www.instagram.com/p/DZYZHD_DbuN/,0.08
185,Instagram,icebarrel,124,9,3,0,9.68,"Reset the body. Sharpen the mind. Do it all again. @everydayheroes.fitness

Shop now — link in bio. 🧊",,9,https://www.instagram.com/p/DYxZFBcD_NJ/,0.19
186,TikTok,piolet91,122,1,0,0,0.82,"Women's Day Wellness Party

con MdeMafer y Casa Copal

Un día de bienestar, conexión y energía renovada en Casa Copal, Guadalajara.

🗓 Fecha: Domingo 9 de marzo
📍 Lugar: Casa Copal, Guadalajara
⏰ Hora",#wellnessparty #guadalajara #icebath #díadelamujer #casacopal #pilatesreformer #bañodehielo #crioterapia #piolet,21,https://www.tiktok.com/@piolet91/video/7477644214248017207,0.01
187,Instagram,thecoldpod,120,9,0,0,7.5,"Fill. Ice. Dip. ❄️⁠
⁠
A simple setup that makes showing up easier, day after day. 💙⁠
⁠
#thecoldpod #coldpod #coldpodding #coldwatertherapy #coldwaterimmersion #coldplunge #stressrelief #naturetherapy ",#thecoldpod #coldpod #coldpodding #coldwatertherapy #coldwaterimmersion #coldplunge #stressrelief #naturetherapy #thebesticebath #recovery #wellness #health #mindandbody #lifehacks #energyboost #mentalhealth #therapy #fitness #moodbooster #routine #motivational #gym #gymlife,15,https://www.instagram.com/p/DWW-iTNjMRJ/,0.86
188,TikTok,ice.bath.recovery.tijuan,114,5,0,0,4.39,"¿Listo para llevar tu mente y cuerpo al siguiente nivel?

🔥 ICE BOOTCAMP JULIO 2026 🔥

Todos los MARTES y VIERNES de JULIO

🕖 7:00 PM

Aprende a dominar el frío de forma segura y guiada.

¿Qué incluye",,81,https://www.tiktok.com/@ice.bath.recovery.tijuan/video/7651719418178800904,0.14
189,Instagram,thecoldpod,112,8,4,0,10.71,"Well done to @doctorlaurawilliams for showing up 💙⁠
⁠
Getting everything ready for a fresh start ❄️⁠
⁠
Cleaned up, set up and ready to go.⁠
⁠
📷 @doctorlaurawilliams",,75,https://www.instagram.com/p/DXpUie6kvcq/,0.8
190,TikTok,piolet91,106,3,0,0,2.83,"✨ WOMEN’S DAY WELLNESS PARTY & ICE BATH ✨
📍Guadalajara

Vive una mañana de bienestar, conexión y energía con MdeMafer en Casa Copal. 🌿❄️

💫 Pilates Reformer
💫 Women’s Circle
💫 Brunch saludable
💫 Breat",#wellnessparty #guadalajara #icebath #díadelamujer #casacopal #pilatesreformer #respiraysiente,61,https://www.tiktok.com/@piolet91/video/7476602973263678726,0.01
191,Instagram,mentefria.therapy,100,13,0,0,13.0,Wellness para los que valoran su tiempo.,,13,https://www.instagram.com/p/DZtVoCntu8h/,0.06
192,TikTok,thepodcompany,54,0,0,1,1.85,The choice is yours. #icebath #coldexposure #wimhof #motivation #motivational #gym #selfhelp #davidgoggins ,#icebath #coldexposure #wimhof #motivation #motivational #gym #selfhelp #davidgoggins,9,https://www.tiktok.com/@thepodcompany/video/7308985757132131615,0.12
193,Instagram,thecoldpod,51,7,0,0,13.73,"From heatwave to rain showers in just a few days...☔❄️⁠
⁠
The weather may have changed, but the cold water routine stays the same.⁠
⁠
Thanks to @happycalli for sharing their Cold Pod moment with us.⁠
",,24,https://www.instagram.com/p/DZKWrv9k64b/,0.36
194,Instagram,thecoldplungestore,43,2,0,0,4.65,"Small habit, big impact! 

#icebath #coldtherapy #coldplunge #coldplungetherapy #coldwater",#icebath #coldtherapy #coldplunge #coldplungetherapy #coldwater,26,https://www.instagram.com/p/DKhfrjNu09C/,0.13
